cat_id,goods_name,goods_number,market_price,shop_price,promote_price,goods_desc,goods_thumb,original_img,pandaWebUrl
141,|酒急达|飞天茅台,0,1998,980,950.00,|酒急达|飞天茅台<br>|酒急达|飞天茅台<br>购酒电话：4008851919<br>产地：贵州产地<br>酒厂：茅台酒股份有限公司<br>酒精度：53°<br>规格：1*6<br>储存条件：常温 干燥处保存<br>香型：酱香型<br>原料：高粱  小麦   水<br>容量：500ml<br><img src='http://www.4008851919.com/Content/UploadFiles/image/20140617/20140617160930_9950.jpg' border=0  align=middle  width=673 height=2804 ><br><img src='http://www.4008851919.com/Content/UploadFiles/image/20141020/20141020161250_3987.jpg' border=0  align=middle  width=300 height=300 >,http://www.4008851919.com/Content/UploadFiles/201407111402884.jpg,"",http://www.4008851919.com/goujiuzhongxin/baijiu/c65fa78d9f9232d27f131c96c0ebd9f5.html
141,|酒急达|茅台迎宾,0,148,108,78.00,|酒急达|茅台迎宾<br>|酒急达|茅台迎宾<br>购酒电话：4008851919<br>产地：贵州<br>酒厂：贵州茅台酒股份有限公司<br>规格：1*6<br>酒精度：53<br>奖项荣誉：巴拿马万国博览会金奖等<br>酿造工艺：高温制曲、两次投料、九次蒸馏、八次发酵、七次取酒<br>储藏条件：常温、干燥、阴凉、避光<br>香型：酱香型<br>原料：高粱、小麦、水<br>容量：500ml<br><img src='http://www.4008851919.com/Content/UploadFiles/image/20140617/20140617165526_9387.jpg' border=0  align=middle  width=673 height=2804 ><br><img src='http://www.4008851919.com/Content/UploadFiles/image/20141020/20141020161344_8828.jpg' border=0  align=middle  width=300 height=300 >,http://www.4008851919.com/Content/UploadFiles/201409290948512.jpg,"",http://www.4008851919.com/goujiuzhongxin/baijiu/c4560101d2e9d6dad6c01b2ac68b996d.html
141,|酒急达|52°五粮液,0,1519,688,658.00,|酒急达|52°五粮液<br>|酒急达|52°五粮液<br>购酒电话：4008851919<br>产地：四川<br>酒厂：宜宾五粮液股份有限公司<br>规格：1*6<br>酒精度：52°<br>香型：浓香型<br>奖项荣誉：巴拿马万国博览会金奖等<br>酿造工艺：包曲制曲工艺，跑窖循环、续糟配料，分层起糟、分层入窖，分甑分级量质摘酒、按质并坛等酿酒工艺，原酒陈酿工艺，勾兑工艺以及相关的特殊技艺等。<br>储藏条件：常温 干燥 阴凉  避光<br>原料：高粱 大米 糯米 小麦 玉米 水<br>容量：500ml<br><img src='http://www.4008851919.com/Content/UploadFiles/image/20140617/20140617165612_3913.jpg' border=0  align=middle  width=673 height=2524 ><br><img src='http://www.4008851919.com/Content/UploadFiles/image/20141020/20141020161428_7483.jpg' border=0  align=middle  width=300 height=300 >,http://www.4008851919.com/Content/UploadFiles/201407111405202.jpg,"",http://www.4008851919.com/goujiuzhongxin/baijiu/50a8b2042721a82ed02f4aafeafa49ca.html
141,|酒急达|国窖1573,0,1666,718,628.00,|酒急达|国窖1573<br>|酒急达|4号产品国窖1573<br>购酒电话：4008851919<br>产地：四川<br>酒厂：泸州老窖股份有限公司<br>奖项荣誉：国窖1573获中国航天局成立50周年指定用酒<br>酒精度：52°<br>规格： 1*6<br>储藏条件：常温、干燥、阴凉、避光<br>原料：水、高粱、小麦<br>香型：浓香型<br>容量：500ml<br><img src='http://www.4008851919.com/Content/UploadFiles/image/20140617/20140617164417_9044.jpg' border=0  align=middle  width=673 height=2804 ><br><img src='http://www.4008851919.com/Content/UploadFiles/image/20141020/20141020161513_4219.jpg' border=0  align=middle  width=300 height=300 >,http://www.4008851919.com/Content/UploadFiles/201409290948614.jpg,"",http://www.4008851919.com/goujiuzhongxin/baijiu/d8c4e1e164cab840a44ce88899abf64a.html
141,|酒急达|剑南春,0,689,428,398.00,|酒急达|剑南春<br>|酒急达|5号产品剑南春<br>购酒电话：4008851919<br>产地：四川<br>酒厂：四川绵竹剑南春酒厂有限公司<br>规格：1*6<br>酒精度：52°<br>香型：浓香型<br>奖项荣誉：1992年获德国莱比锡秋季博览会金奖<br>酿造工艺：低温入窖，粮糟缓慢糖化、发酵升温成酒<br>储藏条件：常温 干燥 阴凉  避光<br>原料：水 高粱 大米 糯米 小麦 玉米<br>容量：500ml<br><img src='http://www.4008851919.com/Content/UploadFiles/image/20140617/20140617164658_8106.jpg' border=0  align=middle  width=673 height=2763 ><br><img src='http://www.4008851919.com/Content/UploadFiles/image/20141020/20141020161556_8844.jpg' border=0  align=middle  width=300 height=300 >,http://www.4008851919.com/Content/UploadFiles/201407111406759.jpg,"",http://www.4008851919.com/goujiuzhongxin/baijiu/220d2e04e20171947dd28b4bb1abd925.html
141,|酒急达|酒鬼内参,0,1896,988,950.00,|酒急达|酒鬼内参<br>|酒急达|6号产品酒鬼内参<br>购酒电话：4008851919<br>产地：湖南<br>酒厂：酒鬼酒股份有限公司<br>规格：1*6<br>酒精度：52°<br>香型： 馥郁香型<br>奖项荣誉：酒鬼酒﹑湘泉酒曾荣获法国波尔多世界酒类博览会金奖﹑比利时布鲁塞尔世界酒类博览会等。<br>酿造工艺：曲泥技术、复合的传统工艺、神秘的流程配方，封藏于地窖或溶洞，自然老熟。<br>储藏条件：常温 干燥 阴凉  避光<br>原料：泉水、高粱、糯米、小麦、大米、玉米<br>容量：500ml<br><img src='http://www.4008851919.com/Content/UploadFiles/image/20140617/20140617164748_9815.jpg' border=0  align=middle  width=673 height=2636 ><br><img src='http://www.4008851919.com/Content/UploadFiles/image/20141020/20141020161648_8883.jpg' border=0  align=middle  width=300 height=300 >,http://www.4008851919.com/Content/UploadFiles/201407111406732.jpg,"",http://www.4008851919.com/goujiuzhongxin/baijiu/7d18095ae3ce8bd2bb5c30be0fdef1ed.html
141,|酒急达|酒鬼红坛15年,0,837,348,318.00,|酒急达|酒鬼红坛15年<br>|酒急达|7号产品酒鬼红坛15年<br>购酒电话：4008851919<br>产地：湖南<br>酒厂：酒鬼酒股份有限公司<br>规格：1*6<br>酒精度： 52°<br>奖项荣誉：酒鬼酒﹑湘泉酒曾荣获法国波尔多世界酒类博览会金奖﹑比利时布鲁塞尔世界酒类博览会金奖等<br>酿造工艺：曲泥技术、复合的传统工艺、神秘的流程配方，封藏于地窖或溶洞，自然老熟<br>储藏条件：常温、干燥、阴凉、避光<br>原料：泉水、高粱、糯米、小麦、玉米<br>香型：馥郁香型<br>容量：500ml<br><img src='http://www.4008851919.com/Content/UploadFiles/image/20140617/20140617164609_1698.jpg' border=0  align=middle  width=673 height=3085 ><br><img src='http://www.4008851919.com/Content/UploadFiles/image/20141020/20141020161731_9698.jpg' border=0  align=middle  width=300 height=300 >,http://www.4008851919.com/Content/UploadFiles/201407111407248.jpg,"",http://www.4008851919.com/goujiuzhongxin/baijiu/b2728341efb40dce37bc9c536aeeae54.html
141,|酒急达|酒鬼50°,0,453,268,238.00,|酒急达|酒鬼50°<br>|酒急达|8号产品酒鬼50°<br>购酒电话：4008851919<br>产地：湖南<br>酒厂：酒鬼酒股份有限公司<br>奖项荣誉：酒鬼酒﹑湘泉酒曾荣获法国波尔多世界酒类博览会金奖、比利时布鲁塞尔世界酒类博览会金奖等。<br>酒精度：50°<br>规格：1*6<br>酿造工艺：曲泥技术、复合的传统工艺、神秘的流程配方，封藏于地窖或溶洞，自然老熟。<br>储藏条件：常温、干燥、阴凉、避光<br>原料：泉水、高粱、糯米、小麦<br>香型：馥郁香型<br>容量：500ml<br><img src='http://www.4008851919.com/Content/UploadFiles/image/20140617/20140617163956_6344.jpg' border=0  align=middle  width=673 height=3040 ><br><img src='http://www.4008851919.com/Content/UploadFiles/image/20141020/20141020161823_4387.jpg' border=0  align=middle  width=300 height=300 >,http://www.4008851919.com/Content/UploadFiles/201407111407459.jpg,"",http://www.4008851919.com/goujiuzhongxin/baijiu/0033cd157c5301502aecd5f6cb6a0a57.html
141,|酒急达|开口笑9年,0,222,148,118.00,|酒急达|开口笑9年<br>【酒急达】开口笑9年<br>购酒电话：4008851919<br>酒厂：湖南湘窖酒业有限公司<br>规格：1*6<br>酒精度：52%vol<br>奖项荣誉：1996年被国家评为“中国名牌产品”，并获“湖南省著名商标”及“湖南省名牌产品”称号。<br>酿造工艺：具有独特的“古遗六酿法”，采用地理罕见的天然山洞洞藏<br>储藏条件：常温、干燥、阴凉、避光<br>香型：浓香型<br>原料：水 高粱 小麦 大米 糯米 玉米<br>容量：500ml<br><img src='http://www.4008851919.com/Content/UploadFiles/image/20140617/20140617164842_8145.jpg' border=0  align=middle  width=673 height=2280 ><br><img src='http://www.4008851919.com/Content/UploadFiles/image/20141020/20141020161927_4644.jpg' border=0  align=middle  width=300 height=300 >,http://www.4008851919.com/Content/UploadFiles/201407111407387.jpg,"",http://www.4008851919.com/goujiuzhongxin/baijiu/d2a66635fd00fd0d6fa70eb8dd6f5b38.html
141,|酒急达|汾酒青花瓷,0,568,348,318.00,|酒急达|汾酒青花瓷<br>|酒急达|汾酒青花瓷<br>购酒电话：4008851919<br>产地： 山西<br>酒厂： 山西杏花村汾酒股份有限公司<br>规格： 1*6<br>酒精度：53°<br>奖项荣誉：1987年竹叶青酒在法国巴黎国际酒展上荣获品质金奖第一名<br>酿造工艺：汾酒酿造系采 用传统的清蒸发酵法<br>储藏条件：避光、防潮、市温<br>香型：清香型<br>原料：纯化水、高粱、大麦、豌豆<br>容量：500ml<br><img src='http://www.4008851919.com/Content/UploadFiles/image/20140711/20140711133634_3061.jpg' border=0  align=middle  width=673 height=3047 ><br><img src='http://www.4008851919.com/Content/UploadFiles/image/20141020/20141020162006_0096.jpg' border=0  align=middle  width=300 height=300 >,http://www.4008851919.com/Content/UploadFiles/201407111407363.jpg,"",http://www.4008851919.com/goujiuzhongxin/baijiu/56ad8b8918e4b17eb33d24322e393d95.html
141,|酒急达|海之蓝,0,258,198,168.00,|酒急达|海之蓝<br>|酒急达|海之蓝<br>购酒电话：4008851919<br>酒厂：江苏洋河酒厂股份有限公司<br>规格：1*6<br>酒精度：42°<br>香型：浓香型<br>容量：480ml<br>原料：水、高粱、大米、糯米、小麦、玉米、大麦、豌豆<br><img src='http://www.4008851919.com/Content/UploadFiles/image/20140617/20140617164513_1206.jpg' border=0  align=middle  width=673 height=2739 ><br><img src='http://www.4008851919.com/Content/UploadFiles/image/20141020/20141020162046_8119.jpg' border=0  align=middle  width=300 height=300 >,http://www.4008851919.com/Content/UploadFiles/201407111408911.jpg,"",http://www.4008851919.com/goujiuzhongxin/baijiu/6df35bb6e061b0e72481fc5604951243.html
141,|酒急达|和谐60年,0,688,618,580.00,|酒急达|和谐60年<br>|酒急达|和谐60年<br>购酒电话：4008851919<br>产地：茅台镇<br>酒厂：贵州省仁怀市睿达酒业有限公司<br>规格：1*6<br>香型：兼香型<br>酒精度：52%vol<br>奖项荣誉：曾多次被评为“消费者放心满意产品”“消费者满意单位”等。<br>贮存条件：常温干燥处保存<br>原料：水、高粱、小麦、玉米、糯米、大米<br>酿造工艺：此酒选用整粒高梁浸泡蒸煮，上箱堆积，二次投料，六个月发酵（连续发酵5次），使用高、中温曲，分层蒸馏，贮存后再精心勾兑而成。<br>容量：500ml<br><img src='http://www.4008851919.com/Content/UploadFiles/image/20140711/20140711134419_5887.jpg' border=0  align=middle  width=673 height=2823 ><br><img src='http://www.4008851919.com/Content/UploadFiles/image/20141020/20141020162146_6314.jpg' border=0  align=middle  width=300 height=300 >,http://www.4008851919.com/Content/UploadFiles/201408120927400.jpg,"",http://www.4008851919.com/goujiuzhongxin/baijiu/366c8d39ca366308ea83f006710e355f.html
141,|酒急达|888贡酒,0,288,258,228.00,|酒急达|888贡酒<br>|酒急达|888贡酒<br>购酒电话：4008851919<br>产地：泸州<br>酒厂：四川•泸州喻寺镇<br>规格：1*6<br>净含量：500ml<br>香型：浓香型<br>酒精度：52%vol<br>奖项荣誉：曾多次被评为“质量信得过企业”、“重合同守信用企业”等几十种殊荣。<br>贮存条件：常温干燥处保存<br>原料：水、高粱、小麦、玉米、糯米、大米<br>酿造工艺：采用混蒸续渣工艺，在原有的基础上创新酿造工艺，不添加食用酒精及香精，由国家级调酒大师精心调制而成。<br><img src='http://www.4008851919.com/Content/UploadFiles/image/20140617/20140617164129_7398.jpg' border=0  align=middle  width=673 height=2364 ><br><img src='http://www.4008851919.com/Content/UploadFiles/image/20141020/20141020162304_4468.jpg' border=0  align=middle  width=300 height=300 >,http://www.4008851919.com/Content/UploadFiles/201407111408231.jpg,"",http://www.4008851919.com/goujiuzhongxin/baijiu/b22dad59d2de130d0e80028c64d3caaa.html
141,|酒急达|赖永兴福酒1826,0,488,428,398.00,|酒急达|赖永兴福酒1826<br>|酒急达|赖永兴福酒1826<br>购酒电话：4008851919<br>产地：泸州<br>酒厂：四川·泸州喻寺镇<br>规格：1*6<br>香型：浓香型<br>酒精度：52%vol<br>奖项荣誉：曾多次被评为、“质量信得过企业”、“消费者信得过企业”等几十种殊荣。<br>贮存条件：常温干燥处保存<br>原料：水、高粱、小麦、玉米、糯米、大米<br>酿造工艺：采用混蒸续渣工艺，在原有的基础上创新酿造工艺，不添加食用酒精及香精，由国家级调酒大师精心调制而成。<br>容量：500ml<br><img src='http://www.4008851919.com/Content/UploadFiles/image/20140617/20140617164331_8338.jpg' border=0  align=middle  width=673 height=2364 ><br><img src='http://www.4008851919.com/Content/UploadFiles/image/20141020/20141020162347_9163.jpg' border=0  align=middle  width=300 height=300 >,http://www.4008851919.com/Content/UploadFiles/201407111409367.jpg,"",http://www.4008851919.com/goujiuzhongxin/baijiu/18edfc8224f5b64a7b3344de95fb0665.html
141,|酒急达|赖永兴原浆18年,0,188,158,128.00,|酒急达|赖永兴原浆18年<br>|酒急达|赖永兴原浆18年<br>购酒电话：4008851919<br>产地：贵州<br>酒厂：贵州富鑫酒业有限公司<br>规格：1*6<br>净含量：500ml<br>香型：酱香型<br>酒精度：53%vol<br>贮存条件：常温干燥处保存<br>原料：水、高粱、小麦<br>酿造工艺：端午踩曲、重阳投料、九次蒸煮、八次发酵、七次取酒、三年成酿、五年兑存<br><img src='http://www.4008851919.com/Content/UploadFiles/image/20141020/20141020162424_8744.jpg' border=0  align=middle  width=300 height=300 >,http://www.4008851919.com/Content/UploadFiles/201407111410412.jpg,"",http://www.4008851919.com/goujiuzhongxin/baijiu/b66ef4a55c69265a405849b80f5338ed.html
141,|酒急达|至尊极品,0,468,438,388.00,|酒急达|至尊极品<br>|酒急达|至尊极品<br>购酒电话：4008851919<br>产地：茅台镇<br>酒厂：贵州省茅台镇云农酒业有限公司<br>规格：1*6<br>香型：酱香型<br>酒精度：53%vol<br>奖项荣誉：有“风过隔壁三家醉，雨来开瓶十里香”之美誉，曾多次被评为“贵州省十佳企业”。<br>贮存条件：常温、通风、干燥<br>原料：水、高粱、小麦、糯米<br>酿造工艺：精选五谷原料，在原有的基础上创新酿造工艺，不添加食用酒精及香精，由国家级调酒大师精心调制而成<br>容量：500ml<br><img src='http://www.4008851919.com/Content/UploadFiles/image/20140617/20140617165741_7224.jpg' border=0  align=middle  width=673 height=2823 ><br><img src='http://www.4008851919.com/Content/UploadFiles/image/20141020/20141020162457_6093.jpg' border=0  align=middle  width=300 height=300 >,http://www.4008851919.com/Content/UploadFiles/201407111410616.jpg,"",http://www.4008851919.com/goujiuzhongxin/baijiu/5f65b920af2c444adce1090287f3d5ce.html
141,|酒急达|赖永兴一诺千金,0,488,328,298.00,|酒急达|赖永兴一诺千金<br>|酒急达|赖永兴一诺千金<br>购酒电话：4008851919<br>产地：泸州<br>酒厂：四川•泸州喻寺镇<br>规格：1*6<br>香型：浓香型<br>酒精度：52%vol<br>奖项荣誉：曾多次被评为“质量信得过企业”、“重合同守信用企业”等几十种殊荣。<br>贮存条件：常温干燥处保存<br>原料：水、高粱、小麦、玉米、糯米、大米<br>酿造工艺：采用混蒸续渣工艺，在原有的基础上创新酿造工艺，不添加食用酒精及香精，由国家级调酒大师精心调制而成。<br>容量：500ml<br><img src='http://www.4008851919.com/Content/UploadFiles/image/20140617/20140617165654_3177.jpg' border=0  align=middle  width=673 height=2364 ><br><img src='http://www.4008851919.com/Content/UploadFiles/image/20141020/20141020162532_2153.jpg' border=0  align=middle  width=300 height=300 >,http://www.4008851919.com/Content/UploadFiles/201407111410852.jpg,"",http://www.4008851919.com/goujiuzhongxin/baijiu/ed6f73bbb378bb67c7a34a017428c58e.html
141,|酒急达|开口笑十五年,0,260,248,228.00,"|酒急达|开口笑十五年<br>|酒急达|开口笑十五年<br>购酒电话：4008851919<br>产地： 湖南<br>酒厂： 湖南湘窖酒业有限公司<br>酒精度：52<br>规格：1*6<br>奖项荣誉：开口笑系列自1998年起评为湖南名牌产品，2001年、2004年开口笑”被评为湖南省著名商标，多次获省、市消协举办的“消费者最满意产品”称号。<br>酿造工艺：开口笑酒的酿造秉承了传统的古遗六法工艺,采用陈年老窖自然发酵生香<br>储藏条件：干燥、通风、阴凉和清洁处保存，宜10°-25°<br>容量：500ml<br>香型： 浓香型<br>原料： 水、高粱、大米、糯米、小麦、玉米<br><img src='http://www.4008851919.com/Content/UploadFiles/image/20140617/20140617165430_7484.jpg' border=0  align=middle  width=673 height=2353 ><br><img src='http://www.4008851919.com/Content/UploadFiles/image/20141020/20141020162615_6458.jpg' border=0  align=middle  width=300 height=300 >",http://www.4008851919.com/Content/UploadFiles/201407111411240.jpg,"",http://www.4008851919.com/goujiuzhongxin/baijiu/3d1a53b80bf481bf740f373512665f24.html
141,|酒急达|酒鬼原浆,0,549,398,368.00,|酒急达|酒鬼原浆<br>|酒急达|酒鬼原浆<br>购酒电话：4008851919<br>产地：湖南<br>酒厂：酒鬼酒股份有限公司<br>规格：1*6<br>酒精度：52°<br>香型： 馥郁香型<br>储藏条件：常温 干燥 阴凉避光<br>原料：泉水、高粱、糯米、小麦、大米、玉米<br>容量：500ml<br><img src='http://www.4008851919.com/Content/UploadFiles/image/20140630/20140630142353_5956.jpg' border=0  align=middle  width=673 height=3055 ><br><img src='http://www.4008851919.com/Content/UploadFiles/image/20141020/20141020162708_7258.jpg' border=0  align=middle  width=300 height=300 >,http://www.4008851919.com/Content/UploadFiles/201407111411391.jpg,"",http://www.4008851919.com/goujiuzhongxin/baijiu/20f5b97ef0c8232c940d3b32e62c299c.html
141,|酒急达|水井坊,0,958,498,468.00,|酒急达|水井坊<br>|酒急达|水井坊<br>购酒电话：4008851919<br>产地：四川水井坊股份有限公司<br>酒厂：四川<br>规格：1*6<br>酒精度：52°<br>香型： 浓香型<br>贮存条件：常温、干燥、阴凉、避光<br>原料：水 大米 小麦<br>容量：500ml<br><img src='http://www.4008851919.com/Content/UploadFiles/image/20140630/20140630161343_0235.jpg' border=0  align=middle  width=673 height=3085 ><br><img src='http://www.4008851919.com/Content/UploadFiles/image/20141020/20141020162800_2997.jpg' border=0  align=middle  width=300 height=300 >,http://www.4008851919.com/Content/UploadFiles/201407111411708.jpg,"",http://www.4008851919.com/goujiuzhongxin/baijiu/7c685ef98b63cbecf63c5c909b363632.html
141,|酒急达|湘窖,0,498,428,398.00,|酒急达|湘窖<br>|酒急达|湘窖<br>购酒电话：4008851919<br>产地： 湖南邵阳<br>酒厂： 湖南湘窖酒业有限公司<br>规格：1*6<br>酒精度：52<br>奖项荣誉：被国家工商总局认定为中国驰名商标。<br>储藏条件： 在干燥、通风、阴凉、清洁的环境条件下保存<br>香型： 浓香型<br>原料： 水、高粱、小麦、大米、糯米、玉米<br>容量：500ml<br><img src='http://www.4008851919.com/Content/UploadFiles/image/20140701/20140701144242_2499.jpg' border=0  align=middle  width=673 height=2960 ><br><img src='http://www.4008851919.com/Content/UploadFiles/image/20141020/20141020162901_9613.jpg' border=0  align=middle  width=300 height=300 >,http://www.4008851919.com/Content/UploadFiles/201407111408686.jpg,"",http://www.4008851919.com/goujiuzhongxin/baijiu/423f8bfbf44a52f31b0ec4c6560fc04c.html
141,|酒急达|赖永兴珍藏原酒,0,3888,2888,1980.00,|酒急达|赖永兴珍藏原酒<br>|酒急达|赖永兴珍藏原酒<br>珍藏原酒<br>产地：贵州茅台镇<br>酒厂：茅台镇云农酒业有限公司<br>购酒电话：4008851919<br>规格：1*1<br>净含量：1*3000ml<br>香型：酱香型<br>酒精度：56%vol<br>贮存条件：常温干燥处保存<br>原料：水、高粱、小麦、糯米<br>酿造工艺：端午踩曲、重阳投料、九次蒸煮、八次发酵、七次取酒、三年成酿、五年兑存<br><img src='http://www.4008851919.com/Content/UploadFiles/image/20141020/20141020162937_9223.jpg' border=0  align=middle  width=300 height=300 >,http://www.4008851919.com/Content/UploadFiles/201407111408381.jpg,"",http://www.4008851919.com/goujiuzhongxin/baijiu/3dfb16165ae9ad50e953031aa11cbf9e.html
141,|酒急达|酒鬼酒老酒,0,598,498,458.00,|酒急达|酒鬼酒老酒<br>|酒急达|酒鬼酒老酒<br>购酒电话：4008851919<br>产地：湖南<br>酒厂：酒鬼酒股份有限公司<br>规格：1*6<br>酒精度：52°<br>香型： 馥郁香型<br>储藏条件：恒温恒湿、避免光照、震动<br>原料：泉水、高粱、糯米、小麦、大米、玉米<br>容量：500ml<br><img src='http://www.4008851919.com/Content/UploadFiles/image/20140625/20140625161207_6540.jpg' border=0  align=middle  width=673 height=3047 ><br><img src='http://www.4008851919.com/Content/UploadFiles/image/20141020/20141020163015_3575.jpg' border=0  align=middle  width=300 height=300 >,http://www.4008851919.com/Content/UploadFiles/201407111409935.jpg,"",http://www.4008851919.com/goujiuzhongxin/baijiu/c9d04babcc4ed0ce188b071f576f3a0b.html
141,|酒急达|赖永兴原浆28年,0,288,238,198.00,|酒急达|赖永兴原浆28年<br>|酒急达|原浆28年<br>产地：贵州<br>酒厂：贵州富鑫酒业有限公司<br>规格：1*6<br>净含量：500ml<br>香型：酱香型<br>酒精度：53%vol<br>贮存条件：常温干燥处保存<br>原料：水、高粱、小麦<br>酿造工艺：端午踩曲、重阳投料、九次蒸煮、八次发酵、七次取酒、三年成酿、五年兑存<br><img src='http://www.4008851919.com/Content/UploadFiles/image/20141020/20141020163120_6042.jpg' border=0  align=middle  width=300 height=300 >,http://www.4008851919.com/Content/UploadFiles/201407220910285.jpg,"",http://www.4008851919.com/goujiuzhongxin/baijiu/cb05e0f3870103194e1aba13295cb817.html
141,|酒急达|赖永兴原浆60年,0,666,468,358.00,|酒急达|赖永兴原浆60年<br>|酒急达|原浆60年<br>产地：贵州<br>酒厂：贵州富鑫酒业有限公司<br>规格：1*6<br>净含量：500ml<br>香型：酱香型<br>酒精度：53%vol<br>贮存条件：常温干燥处保存<br>原料：水、高粱、小麦<br>酿造工艺：端午踩曲、重阳投料、九次蒸煮、八次发酵、七次取酒、三年成酿、五年兑存<br><img src='http://www.4008851919.com/Content/UploadFiles/image/20141020/20141020163241_2308.jpg' border=0  align=middle  width=300 height=300 >,http://www.4008851919.com/Content/UploadFiles/201407220911652.jpg,"",http://www.4008851919.com/goujiuzhongxin/baijiu/652768fdff683a9076993fb39e655217.html
141,|酒急达|西凤酒大凤香三凤,0,258,228,198.00,|酒急达|西凤酒大凤香三凤<br>|酒急达｜西凤酒大凤香三凤<br>购酒电话：4008851919<br>产地：陕西省宝鸡市<br>酒厂：陕西西凤酒集团股份有限公司<br>香型：绵柔凤香型白酒<br>酒精度：52%vol<br>净含量：500毫升<br>规格：1*6<br>贮存条件：常温<br>原料：水、高粱、大麦、小麦、碗豆<br>酿造工艺：采用续渣配料老五甑法发酵(即连续发酵法)，一年为一个生产周期，第一年九月立窖，第二年七月挑窖<br><img src='http://www.4008851919.com/Content/UploadFiles/image/20140815/20140815141244_5657.jpg' border=0  align=middle  width=673 height=2960 ><br><img src='http://www.4008851919.com/Content/UploadFiles/image/20141020/20141020163324_2483.jpg' border=0  align=middle  width=300 height=300 >,http://www.4008851919.com/Content/UploadFiles/201408151424053.png,"",http://www.4008851919.com/goujiuzhongxin/baijiu/3d42ee128421f17475a47b1beee49631.html
141,|酒急达｜旗帜西凤酒青鼎,0,698,468,398.00,|酒急达｜旗帜西凤酒青鼎,http://www.4008851919.com/Content/UploadFiles/201501220944418.jpg,"",http://www.4008851919.com/goujiuzhongxin/baijiu/a1ea4637521774c2d35de81e258d6e44.html
140,|酒急达|卡斯特-朗格多克,0,418,398,368.00,|酒急达|卡斯特-朗格多克<br>|酒急达|卡斯特-朗格多克<br>购酒电话：4008851919<br>产品名称：法国castel卡斯特朗格多克高级干红葡萄酒<br>产品品牌：castel/卡斯特<br>容    量：750ml/瓶<br>产    地：法国<br>级    别：aoc级<br>种    类：干红葡萄酒<br>葡萄品种：朗格多克<br>酒精  度：12.5%<br>色    泽：深宝石红色<br>搭配菜肴：适合与带汁或烤制的红肉，或者巧克力甜点是理想的搭配。<br>储藏方法：避光、平放、于5-25摄氏度<br>特    点：法国castel卡斯特朗格多克高级干红葡萄酒酒体呈深红宝石色，浓郁的黑色水果（黑加仑子，桑葚）和香料味，口感清新醇厚，单宁柔和，带有成熟的水果香味，余味均衡和谐。<br><img src='http://www.4008851919.com/Content/UploadFiles/image/20140617/20140617165826_7299.jpg' border=0  align=middle  width=673 height=2707 ><br><img src='http://www.4008851919.com/Content/UploadFiles/image/20141020/20141020155819_2469.jpg' border=0  align=middle  width=300 height=300 >,http://www.4008851919.com/Content/UploadFiles/201407111402606.jpg,"",http://www.4008851919.com/goujiuzhongxin/hongjiu/1f12066d139da801e58e397befeaa1ba.html
140,|酒急达|卡斯特美乐,0,288,268,228.00,|酒急达|卡斯特美乐<br>|酒急达|卡斯特美乐<br>购酒电话：4008851919<br>产品名称：法国castel卡斯特美乐高级干红葡萄酒<br>产品品牌：castel/卡斯特<br>容    量：750ml/瓶<br>产    地：法国<br>级    别：vdp级<br>种    类：干红葡萄酒<br>葡萄品种：美乐<br>酒精  度：13%<br>色    泽：浓密的宝石红色<br>搭配菜肴：适合纯饮或搭配红肉或奶酪<br>储藏方法：避光、平放、于5-25摄氏度<br>特    点：法国castel卡斯特美乐高级干红葡萄酒呈浓密的宝石红色，酒体柔和，具有浓郁的黑色水果（例子，桑葚）以及辛香料气息。口感独特，回味无穷。<br><img src='http://www.4008851919.com/Content/UploadFiles/image/20140617/20140617165918_1769.jpg' border=0  align=middle  width=673 height=2258 ><br><img src='http://www.4008851919.com/Content/UploadFiles/image/20141020/20141020160802_2602.jpg' border=0  align=middle  width=300 height=300 >,http://www.4008851919.com/Content/UploadFiles/201407111402182.jpg,"",http://www.4008851919.com/goujiuzhongxin/hongjiu/615e6c7e0da6fb5cf49ba023f1f83fea.html
140,|酒急达|芬格富庄园西拉,0,258,248,228.00,"|酒急达|芬格富庄园西拉<br>|酒急达|芬格富庄园西拉<br>购酒电话：4008851919<br>类别1： 红葡萄酒<br>香味： 浓郁的新鲜蓝<br>建议醒酒时间： 30分钟<br>类别2： 干红<br>色泽： 深红色<br>容量： 750ml 产地：<br>澳大利亚 国家： 澳大利亚<br>口感： 醇厚<br>酒体： 平衡<br>规格： 1*12<br>酒精度： 13.5<br>搭配美食： 搭配于各种卤<br>储藏条件： 避光常温下卧<br>澳大利亚芬格富庄园西拉干红葡萄酒呈深红色的酒体，散发着浓郁的新鲜蓝莓和李子的香味，并带有少许香料以及法国橡木桶的气息。入口口感醇厚，单宁强劲有力，富有层次，酸度适中，回味悠长。让你感受到经典澳洲西拉红酒特有的风味。搭配于各种卤汁料理，野味和辣菜、酱鸭、鹅肝、红烧肉搭配味道最佳。<img src='http://www.4008851919.com/Content/UploadFiles/image/20140717/20140717150937_6796.jpg' border=0  align=middle  width=750 height=369 ><img src='http://www.4008851919.com/Content/UploadFiles/image/20140717/20140717151000_2179.jpg' border=0  align=middle  width=750 height=650 ><br>芬格富酒业集团拥有西澳大利亚最大的葡萄庄园,在澳大利亚优质葡萄酒生产者中居于顶级地位。连续九年在詹姆斯.哈利戴的《澳大利亚葡萄酒指南》中赢得极受尊重的五颗星葡萄酒酿造者称号。其葡萄酒产地位于著名的弗兰克兰河和玛格丽特河酿酒区,坐拥得天独厚的地理优势,有着古老的土壤,气候凉爽,阳光充沛。在生产过程中芬格富严格把控每一个环节,确保每一瓶芬格富的产品符合五星级高端品质的要求。凭借高端的品质芬格富在国际葡萄酒市场上获得极高的认可,得到了包括詹姆斯.哈利,罗伯特.帕克等在内一些国际知名评酒师的好评。<br><img src='http://www.4008851919.com/Content/UploadFiles/image/20141020/20141020160901_9696.jpg' border=0  align=middle  width=300 height=300 >",http://www.4008851919.com/Content/UploadFiles/201407171510982.jpg,"",http://www.4008851919.com/goujiuzhongxin/hongjiu/22184268106e4649c83409e927bcd36a.html
140,|酒急达|芬格富红牌,0,188,178,158.00,"|酒急达|芬格富红牌<br>|酒急达|芬格富红牌  购酒电话：4008851919<br>类别：红葡萄酒<br>香味： 桑葚，黑莓，<br>建议醒酒时间： 30分钟<br>容量： 750ml<br>产地： 澳大利亚<br>国家： 澳大利亚<br>口感： 醇厚<br>规格： 1*12<br>酒精度： 13.5<br>搭配美食： 可搭配牛羊肉<br>储藏条件： 避光常温下卧<br>澳大利亚芬格富赤霞珠干红葡萄酒呈深红色的酒体,散发着澳洲赤霞珠特有的桑葚,黑莓,雪松的酒香。入口口感厚重,单宁强劲有力,充满了爆发力。回味浓郁,悠长,独特的果香味在口腔中久久不去。典型的一款澳洲赤霞珠红酒。与各种卤汁料理,野味和辣菜、酱鸭、鹅肝、红烧肉搭配最佳。<br><img src='http://www.4008851919.com/Content/UploadFiles/image/20140717/20140717150350_9218.jpg' border=0  align=middle  width=505 height=1136 ><img src='http://www.4008851919.com/Content/UploadFiles/image/20140717/20140717150404_5995.jpg' border=0  align=middle  width=750 height=369 ><img src='http://www.4008851919.com/Content/UploadFiles/image/20140717/20140717150412_3820.jpg' border=0  align=middle  ><br>芬格富酒业集团拥有西澳大利亚最大的葡萄庄园,在澳大利亚优质葡萄酒生产者中居于顶级地位。连续九年在詹姆斯.哈利戴的《澳大利亚葡萄酒指南》中赢得极受尊重的五颗星葡萄酒酿造者称号。其葡萄酒产地位于著名的弗兰克兰河和玛格丽特河酿酒区,坐拥得天独厚的地理优势,有着古老的土壤,气候凉爽,阳光充沛。在生产过程中芬格富严格把控每一个环节,确保每一瓶芬格富的产品符合五星级高端品质的要求。凭借高端的品质芬格富在国际葡萄酒市场上获得极高的认可,得到了包括詹姆斯.哈利,罗伯特.帕克等在内一些国际知名评酒师的好评。<br><img src='http://www.4008851919.com/Content/UploadFiles/image/20141020/20141020160954_4176.jpg' border=0  align=middle  width=300 height=300 >",http://www.4008851919.com/Content/UploadFiles/201407171521936.jpg,"",http://www.4008851919.com/goujiuzhongxin/hongjiu/c79a6ac58b0359a37308163d35592431.html
140,|酒急达|拉菲副牌红葡萄酒(小拉菲2011年）,0,4998,4928,4888.00,|酒急达|拉菲副牌红葡萄酒(小拉菲2011年）<br>|酒急达|拉菲副牌红葡萄酒(小拉菲2011年）<br>购酒电话：4008851919<br>产品类型：干红<br>产地：法国<br>产区：普依勒aoc<br>年份：2011年<br>酒精度：12.5%<br>容量：750ml<br>贮藏条件：常温，避免强光<br>葡萄品种：赤霞珠、品丽珠、美乐、小维度<br>口感：二十年来酿造拉菲酒的苛刻标准使副牌拉菲珍宝也具有了与正牌相近的品质。由于它含有的美乐比例比正牌要高，加之其产地卡许阿德台地的风土特征，它又具有独特的个性。<br><img src='http://www.4008851919.com/Content/UploadFiles/image/20140730/20140730155101_2125.jpg' border=0  align=middle  width=673 height=2482 ><br><img src='http://www.4008851919.com/Content/UploadFiles/image/20141020/20141020161119_2095.jpg' border=0  align=middle  width=300 height=300 >,http://www.4008851919.com/Content/UploadFiles/201407301606578.jpg,"",http://www.4008851919.com/goujiuzhongxin/hongjiu/aa515c4736a1bb90d584c019142b3323.html
140,|酒急达|巴拿马王子干红,0,488,198,108.00,|酒急达|巴拿马王子干红<br>包装：12*750ml纸箱  竖放<br>原产地：法国波尔多法定aop产区<br>原料：＞99.99%的葡萄汁、微量的二氧化硫<br>品尝温度：16——18℃<br>醒酒时间：30分钟<br>搭配菜肴：烤肉类食物、奶酪<br>适用场合：赠礼、聚会<br>口感分类：饱满      类型：干红<br>酒品描述：酒色呈现深红色，带有娇嫩的樱桃以及杏仁的清香，口感柔润平和，酸甜度十分平衡，风味浓郁持久，令人倍感愉悦。<br><img src='http://www.4008851919.com/Content/UploadFiles/image/20141027/20141027150856_9055.jpg' border=0  align=middle  width=300 height=300 >,http://www.4008851919.com/Content/UploadFiles/201410271514603.png,"",http://www.4008851919.com/goujiuzhongxin/hongjiu/5b09de669f0f0cd5cd223067fbb3ad2d.html
140,|酒急达|贝克粉玫瑰起泡葡萄酒,0,329,288,258.00,|酒急达|贝克粉玫瑰起泡葡萄酒<br>购酒电话：4008851919<br>产品类型：高泡葡萄酒<br>原产地：南非<br>酒精度：12%vol<br>原料与辅料：葡萄汁、二氧化硫<br>灌装日期：2012年6月22日<br>保质期：10年<br>净含量：750ml<br><img src='http://www.4008851919.com/Content/UploadFiles/image/20140912/20140912165438_4257.jpg' border=0  align=middle  width=300 height=300 >,http://www.4008851919.com/Content/UploadFiles/201409121656742.jpg,"",http://www.4008851919.com/goujiuzhongxin/hongjiu/a712340e91b2d5c7da144c93ef0533da.html
146,|酒急达|轩尼诗xo,0,1638,1568,1488.00,"|酒急达|轩尼诗xo<br>|酒急达|轩尼诗xo<br>购酒电话：4008851919<br>葡萄酒种类：干邑<br>产地：法国(france)干邑(cognac)<br>葡萄品种：白玉霓(ugni blanc),哥伦巴(colombard),白疯女(folle blanche)<br>级别：xo<br>酒精度：40.0%<br>规格：700ml<br>香味：水仙、茉莉花香<br>色泽：深金铜<br>搭配菜肴：肉类、巧克力、坚果、雪茄<br><img src='http://www.4008851919.com/Content/UploadFiles/image/20140627/20140627122852_6334.jpg' border=0  align=middle  width=673 height=3047 ><br><img src='http://www.4008851919.com/Content/UploadFiles/image/20141020/20141020163415_2542.jpg' border=0  align=middle  width=300 height=300 >",http://www.4008851919.com/Content/UploadFiles/201407111411100.jpg,"",http://www.4008851919.com/goujiuzhongxin/yangjiu/35227d2feb34c7e6bb7e81c391a62bbf.html
146,|酒急达|马爹利蓝带,0,1138,1388,1088.00,"|酒急达|马爹利蓝带<br>|酒急达|马爹利蓝带<br>购酒电话：4008851919<br>酿造原材料:白玉霓(ugni blanc),哥伦巴(colombard),白疯女(folle blanche)<br>产地:法国(france)<br>产区:干邑(cognac)<br>酒精度 :40.0%<br>容量:700ml<br>香味分类:花香馥郁<br>色泽:深金铜<br>陈酿时间:8年以上<br><img src='http://www.4008851919.com/Content/UploadFiles/image/20140628/20140628111548_2294.jpg' border=0  align=middle  width=673 height=3043 ><br><img src='http://www.4008851919.com/Content/UploadFiles/image/20141020/20141020163452_0103.jpg' border=0  align=middle  width=300 height=300 >",http://www.4008851919.com/Content/UploadFiles/201407111412200.jpg,"",http://www.4008851919.com/goujiuzhongxin/yangjiu/6eede539e6540f86c7ac2994012a118d.html
146,|酒急达|芝华士12年,0,278,258,218.00,|酒急达|芝华士12年<br>|酒急达|芝华士12年<br>购酒电话：4008851919<br>【品名】：芝华士12年威士忌700ml<br>【品牌】：芝华士<br>【净含量】：700ml/瓶<br>【酒精含量】：40％vol<br>【成分】：水、大麦、小麦等<br>【生产日期】：见包装<br>【产地】：英国<br>【储存方法】阴凉、干燥平放<br><img src='http://www.4008851919.com/Content/UploadFiles/image/20140630/20140630123737_9749.jpg' border=0  align=middle  width=673 height=3047 ><br><img src='http://www.4008851919.com/Content/UploadFiles/image/20141020/20141020163531_0445.jpg' border=0  align=middle  width=300 height=300 >,http://www.4008851919.com/Content/UploadFiles/201407111412364.jpg,"",http://www.4008851919.com/goujiuzhongxin/yangjiu/15865b80018502934c75b765d9f9edd9.html
146,|酒急达|轩尼诗vsop,0,488,428,388.00,"|酒急达|轩尼诗vsop<br>|酒急达|轩尼诗vsop<br>购酒电话：4008851919<br>葡萄酒种类：干邑<br>产地：法国(france) 干邑(cognac)<br>葡萄品种：白玉霓(ugni blanc),哥伦巴(colombard),白疯女(folle blanche)<br>级别：vsop<br>酒精度：40.0%<br>规格：700ml<br>香味：金雀花幽香，青柠花和天然的绿草芳香<br>色泽：琥珀色<br>搭配菜肴：肉类、巧克力、坚果、雪茄<br><img src='http://www.4008851919.com/Content/UploadFiles/image/20140630/20140630135629_3555.jpg' border=0  align=middle  width=673 height=2838 ><br><img src='http://www.4008851919.com/Content/UploadFiles/image/20141020/20141020163605_3785.jpg' border=0  align=middle  width=300 height=300 >",http://www.4008851919.com/Content/UploadFiles/201407111412858.jpg,"",http://www.4008851919.com/goujiuzhongxin/yangjiu/9798a6040d5048a13ec24014f33b425c.html
147,|酒急达|胜景干黄,0,0.00,0.00,0.00,|酒急达|胜景干黄<br>购酒电话：4008851919<br>产品名称：胜景干黄银v3<br>产品类型：干型<br>酒精度：≥10%vol<br>容量：500ml<br>特色：时尚清爽、简洁大方    清香雅致、口感柔和   色泽亮丽、富含丰富的氨基酸、多肽。<br>功效：驱寒祛湿<br><img src='http://www.4008851919.com/Content/UploadFiles/image/20140923/20140923123902_4022.jpg' border=0  align=middle  width=400 height=400 ><br><img src='http://www.4008851919.com/Content/UploadFiles/image/20140923/20140923124057_8008.jpg' border=0  align=middle  width=300 height=301 >,http://www.4008851919.com/Content/UploadFiles/201409231226134.jpg,"",http://www.4008851919.com/goujiuzhongxin/huangjiu/f1c34283bba17b2068fa463d52a5769e.html
